user_id,song_id,title,artist
user_10,song_11,Title 11,Artist 14
user_10,song_13,Title 13,Artist 9
user_10,song_50,Title 50,Artist 17
user_16,song_21,Title 21,Artist 11
user_16,song_35,Title 35,Artist 20
user_16,song_36,Title 36,Artist 11
user_20,song_35,Title 35,Artist 20
user_20,song_36,Title 36,Artist 11
user_20,song_59,Title 59,Artist 17
user_22,song_13,Title 13,Artist 9
user_22,song_20,Title 20,Artist 23
user_22,song_21,Title 21,Artist 11
user_23,song_34,Title 34,Artist 1
user_23,song_35,Title 35,Artist 20
user_23,song_36,Title 36,Artist 11
user_27,song_20,Title 20,Artist 23
user_27,song_35,Title 35,Artist 20
user_27,song_36,Title 36,Artist 11
user_31,song_35,Title 35,Artist 20
user_31,song_63,Title 63,Artist 21
user_31,song_73,Title 73,Artist 9
user_36,song_20,Title 20,Artist 23
user_36,song_35,Title 35,Artist 20
user_36,song_45,Title 45,Artist 21
user_42,song_11,Title 11,Artist 14
user_42,song_20,Title 20,Artist 23
user_42,song_21,Title 21,Artist 11
user_47,song_11,Title 11,Artist 14
user_47,song_13,Title 13,Artist 9
user_47,song_34,Title 34,Artist 1
user_8,song_11,Title 11,Artist 14
user_8,song_20,Title 20,Artist 23
user_8,song_21,Title 21,Artist 11
