user_id,genre,count
user_1,Jazz,33
user_10,Rock,28
user_11,Rock,30
user_12,Jazz,25
user_13,Jazz,29
user_14,Jazz,30
user_15,Jazz,30
user_16,Hip-Hop,22
user_17,Jazz,28
user_18,Jazz,29
user_19,Rock,23
user_2,Rock,29
user_20,Jazz,28
user_21,Hip-Hop,30
user_22,Jazz,25
user_23,Rock,25
user_24,Jazz,27
user_25,Classical,25
user_26,Jazz,30
user_27,Jazz,28
user_28,Rock,34
user_29,Hip-Hop,28
user_3,Jazz,21
user_30,Jazz,39
user_31,Rock,31
user_32,Jazz,19
user_33,Rock,27
user_34,Jazz,32
user_35,Jazz,26
user_36,Jazz,30
user_37,Hip-Hop,23
user_38,Jazz,31
user_39,Jazz,41
user_4,Jazz,35
user_40,Rock,34
user_41,Hip-Hop,23
user_42,Hip-Hop,26
user_43,Jazz,25
user_44,Jazz,29
user_45,Rock,25
user_46,Jazz,24
user_47,Jazz,25
user_48,Jazz,25
user_49,Jazz,30
user_5,Jazz,29
user_50,Classical,23
user_6,Jazz,32
user_7,Jazz,42
user_8,Classical,26
user_9,Hip-Hop,33
