song_id,title,artist,genre,mood
song_1,Title 1,Artist 23,Classical,Chill
song_2,Title 2,Artist 2,Hip-Hop,Energetic
song_3,Title 3,Artist 1,Hip-Hop,Sad
song_4,Title 4,Artist 14,Rock,Sad
song_5,Title 5,Artist 11,Hip-Hop,Sad
song_6,Title 6,Artist 22,Hip-Hop,Energetic
song_7,Title 7,Artist 4,Jazz,Chill
song_8,Title 8,Artist 27,Hip-Hop,Energetic
song_9,Title 9,Artist 15,Rock,Sad
song_10,Title 10,Artist 19,Jazz,Chill
song_11,Title 11,Artist 14,Jazz,Happy
song_12,Title 12,Artist 9,Rock,Chill
song_13,Title 13,Artist 9,Classical,Happy
song_14,Title 14,Artist 7,Classical,Sad
song_15,Title 15,Artist 4,Jazz,Energetic
song_16,Title 16,Artist 2,Hip-Hop,Sad
song_17,Title 17,Artist 3,Jazz,Chill
song_18,Title 18,Artist 28,Rock,Energetic
song_19,Title 19,Artist 28,Jazz,Sad
song_20,Title 20,Artist 23,Classical,Happy
song_21,Title 21,Artist 11,Rock,Happy
song_22,Title 22,Artist 16,Jazz,Sad
song_23,Title 23,Artist 19,Hip-Hop,Chill
song_24,Title 24,Artist 19,Jazz,Energetic
song_25,Title 25,Artist 25,Rock,Chill
song_26,Title 26,Artist 25,Jazz,Energetic
song_27,Title 27,Artist 24,Pop,Chill
song_28,Title 28,Artist 16,Pop,Chill
song_29,Title 29,Artist 3,Pop,Chill
song_30,Title 30,Artist 6,Classical,Chill
song_31,Title 31,Artist 18,Classical,Sad
song_32,Title 32,Artist 2,Classical,Energetic
song_33,Title 33,Artist 4,Pop,Sad
song_34,Title 34,Artist 1,Jazz,Happy
song_35,Title 35,Artist 20,Rock,Happy
song_36,Title 36,Artist 11,Rock,Happy
song_37,Title 37,Artist 14,Jazz,Sad
song_38,Title 38,Artist 13,Jazz,Sad
song_39,Title 39,Artist 3,Classical,Energetic
song_40,Title 40,Artist 15,Pop,Sad
song_41,Title 41,Artist 20,Pop,Chill
song_42,Title 42,Artist 5,Rock,Chill
song_43,Title 43,Artist 18,Rock,Chill
song_44,Title 44,Artist 10,Hip-Hop,Sad
song_45,Title 45,Artist 21,Jazz,Happy
song_46,Title 46,Artist 12,Hip-Hop,Energetic
song_47,Title 47,Artist 2,Classical,Sad
song_48,Title 48,Artist 10,Hip-Hop,Energetic
song_49,Title 49,Artist 8,Jazz,Energetic
song_50,Title 50,Artist 17,Rock,Happy
song_51,Title 51,Artist 17,Jazz,Happy
song_52,Title 52,Artist 14,Rock,Energetic
song_53,Title 53,Artist 25,Hip-Hop,Energetic
song_54,Title 54,Artist 15,Hip-Hop,Sad
song_55,Title 55,Artist 21,Rock,Sad
song_56,Title 56,Artist 1,Classical,Energetic
song_57,Title 57,Artist 17,Rock,Sad
song_58,Title 58,Artist 23,Hip-Hop,Chill
song_59,Title 59,Artist 17,Classical,Happy
song_60,Title 60,Artist 30,Rock,Happy
song_61,Title 61,Artist 5,Jazz,Happy
song_62,Title 62,Artist 24,Hip-Hop,Energetic
song_63,Title 63,Artist 21,Rock,Happy
song_64,Title 64,Artist 6,Rock,Happy
song_65,Title 65,Artist 3,Jazz,Happy
song_66,Title 66,Artist 1,Pop,Chill
song_67,Title 67,Artist 30,Classical,Chill
song_68,Title 68,Artist 14,Hip-Hop,Sad
song_69,Title 69,Artist 7,Pop,Energetic
song_70,Title 70,Artist 24,Pop,Energetic
song_71,Title 71,Artist 20,Rock,Chill
song_72,Title 72,Artist 17,Hip-Hop,Sad
song_73,Title 73,Artist 9,Rock,Happy
song_74,Title 74,Artist 11,Jazz,Happy
song_75,Title 75,Artist 18,Rock,Energetic
song_76,Title 76,Artist 9,Hip-Hop,Happy
song_77,Title 77,Artist 13,Jazz,Sad
song_78,Title 78,Artist 5,Classical,Happy
song_79,Title 79,Artist 28,Jazz,Sad
song_80,Title 80,Artist 6,Classical,Chill
song_81,Title 81,Artist 9,Classical,Chill
song_82,Title 82,Artist 9,Hip-Hop,Energetic
song_83,Title 83,Artist 9,Jazz,Happy
song_84,Title 84,Artist 26,Hip-Hop,Chill
song_85,Title 85,Artist 20,Classical,Sad
song_86,Title 86,Artist 5,Rock,Chill
song_87,Title 87,Artist 23,Jazz,Chill
song_88,Title 88,Artist 15,Jazz,Happy
song_89,Title 89,Artist 9,Jazz,Chill
song_90,Title 90,Artist 14,Jazz,Energetic
song_91,Title 91,Artist 15,Rock,Happy
song_92,Title 92,Artist 26,Rock,Energetic
song_93,Title 93,Artist 1,Pop,Happy
song_94,Title 94,Artist 19,Rock,Energetic
song_95,Title 95,Artist 19,Hip-Hop,Happy
song_96,Title 96,Artist 7,Classical,Happy
song_97,Title 97,Artist 23,Classical,Happy
song_98,Title 98,Artist 26,Rock,Sad
song_99,Title 99,Artist 6,Jazz,Chill
song_100,Title 100,Artist 9,Pop,Energetic
